<?xml version="1.0" encoding="UTF-8" standalone="yes"?>
<manifest>
  <control namespace="daymandynamics" constructor="EmailReport" version="0.0.1" display-name-key="EmailReport" description-key="EmailReport description" control-type="standard" preview-image="img/preview.png" api-version="1.2.3">
    <property name="subject" display-name-key="Subject" description-key="Sets the Subject on the Email" of-type="SingleLine.Text" usage="input" required="false"/>
    <property name="description" display-name-key="Description" description-key="Sets the Description on the Email" of-type="SingleLine.TextArea" usage="input" required="false"/>
    <property name="reportName" display-name-key="Report Name" description-key="Enter the Report Name you want to execute when the button is pressed" of-type="SingleLine.Text" usage="input" required="false"/>
    <property name="automaticallySendReport" display-name-key="Automatically Send Report" description-key="Determines if the Email will be sent automatically or not" of-type="Enum" usage="input" required="true" default-value="false">
      <value name="true" display-name-key="true" description-key="true">true</value>
      <value name="false" display-name-key="false" description-key="false">false</value>
    </property>
    <property name="FromEntityType" display-name-key="From Entity Type" description-key="Set the Logical Name of the From field in the email" of-type="Enum" usage="input" required="false" default-value="systemuser">
      <value name="systemuser" display-name-key="systemuser" description-key="systemuser">systemuser</value>
      <value name="queue" display-name-key="queue" description-key="queue">queue</value>
    </property>
    <property name="From" display-name-key="From" description-key="Set the GUID of the record you want to set the From field in the email" of-type="SingleLine.Text" usage="input" required="false"/>
    <property name="ToEntityType" display-name-key="To Entity Type" description-key="Set the Logical Name of the To field in the email" of-type="Enum" usage="input" required="false" default-value="contact">
      <value name="contact" display-name-key="contact" description-key="contact">contact</value>
      <value name="account" display-name-key="account" description-key="account">account</value>
      <value name="systemuser" display-name-key="systemuser" description-key="systemuser">systemuser</value>
      <value name="entitlement" display-name-key="entitlement" description-key="entitlement">entitlement</value>
      <value name="lead" display-name-key="lead" description-key="lead">lead</value>
      <value name="queue" display-name-key="queue" description-key="queue">queue</value>
      <value name="knowledgearticle" display-name-key="knowledgearticle" description-key="knowledgearticle">knowledgearticle</value>
    </property>
    <property name="To" display-name-key="To" description-key="Determines which email address the email will be sent to" of-type="SingleLine.Text" usage="input" required="false"/>
    <resources>
      <code path="bundle.js" order="1"/>
      <css path="css/EmailReport.css" order="1"/>
      <resx path="strings/EmailReport.1033.resx" version="1.0.0"/>
    </resources>
    <feature-usage>
      <uses-feature name="Device.captureAudio" required="true"/>
      <uses-feature name="Device.captureImage" required="true"/>
      <uses-feature name="Device.captureVideo" required="true"/>
      <uses-feature name="Device.getBarcodeValue" required="true"/>
      <uses-feature name="Device.getCurrentPosition" required="true"/>
      <uses-feature name="Device.pickFile" required="true"/>
      <uses-feature name="Utility" required="true"/>
      <uses-feature name="WebAPI" required="true"/>
    </feature-usage>
    <built-by name="pac" version="1.4.4"/>
  </control>
</manifest>